label,R2,RMSE,MAE
A1 Ridge PHYSICS_NORM | in-dist,0.2825865706498428,1.0737765410164988,0.7691531280977432
A1 Ridge PHYSICS_NORM | OOD,-1.0029485668986484,1.6090999389015106,1.4107256236379229
A2 XGB PHYSICS_NORM | in-dist,0.889021820268921,0.42232613628386595,0.2697936994048832
A2 XGB PHYSICS_NORM | OOD,0.8027675913180842,0.5049370738584125,0.29119823432850955
A3 XGB PHYSICS_RAW | in-dist,0.782859442947988,0.5907444285980742,0.3652539098897736
A3 XGB PHYSICS_RAW | OOD,0.7115433163809217,0.6106444619465502,0.39454565465991676
A4 XGB ALL_PHYSICS | in-dist,0.9949992320712703,0.08964942552435175,0.028194363020326664
A4 XGB ALL_PHYSICS | OOD,0.9934857506910592,0.0917656842930212,0.032173601454227624
